step,loss value
100,1.2909452
200,0.53784156
300,0.48538285
400,0.32046252
500,0.6039737
600,0.443244
700,0.6154226
800,0.40183824
900,0.6291095
1000,0.13378787
1100,0.48342526
1200,0.59945875
1300,0.5047679
1400,0.38696152
1500,0.3865672
1600,0.47650474
1700,1.0559335
1800,0.52118385
1900,1.9803197
2000,1.6995263
2100,0.17287488
2200,0.5776354
2300,0.6120435
2400,0.6435697
2500,0.114630595
2600,0.026867157
2700,0.13806525
2800,0.02160526
2900,0.30529624
3000,0.09439523
3100,0.049527906
3200,0.03172369
3300,0.170043
3400,0.029009914
3500,0.03393212
3600,0.031697582
3700,0.030488096
3800,0.0448107
3900,0.022832386
4000,0.018128257
4100,0.04180179
4200,1.8672308
4300,0.026860315
4400,0.6196724
4500,3.0622325
4600,0.045211975
4700,0.9450573
4800,0.02912104
4900,0.030899946
5000,0.028021444
5100,0.01466739
5200,0.0665619
5300,0.2801187
5400,0.055662848
5500,0.02615413
5600,0.02644585
5700,0.032356277
5800,0.08754527
5900,0.017808491
6000,0.02209606
6100,2.060592
6200,0.014832873
6300,0.01670412
6400,0.025290623
6500,0.036466826
6600,0.023113433
6700,0.018194683
6800,0.02217535
6900,1.2376107
7000,0.019490987
7100,0.116542995
7200,0.2871014
7300,0.0077951467
7400,0.34276074
7500,0.0143933855
7600,0.008715995
7700,0.06132123
7800,0.12886748
7900,0.029902961
8000,0.046591006
8100,0.012510529
8200,0.012178006
8300,0.018727336
8400,0.050376967
8500,0.3213123
8600,0.014017554
8700,0.30246642
8800,0.03244172
8900,0.011913871
9000,1.5851444
9100,0.060299084
9200,0.07205649
9300,0.12606785
9400,1.5574334
9500,0.01186591
9600,1.2375361
9700,0.023673497
9800,0.089679465
9900,0.035834756
10000,0.08726774
10100,0.018627882
10200,0.019312274
10300,0.02058664
10400,0.57819194
10500,0.028000066
10600,0.10018659
10700,1.8413119
10800,0.02220702
10900,0.2874777
11000,0.041361656
11100,0.013792522
11200,0.01709523
11300,0.016553758
11400,0.015963394
11500,0.62985665
11600,1.5443509
11700,1.8518101
11800,1.231871
11900,0.020184755
12000,0.33250806
12100,0.022527885
12200,0.007446511
12300,0.021733724
12400,0.009541007
12500,0.055564277
12600,0.012514187
12700,0.008486973
12800,0.5925723
12900,0.011105321
13000,0.06720861
13100,0.0035256832
13200,0.2789743
13300,0.17368776
13400,0.020056013
13500,0.022100696
13600,0.025903419
13700,0.011763301
13800,1.2561824
13900,1.7790585
14000,0.014450526
14100,0.008472731
14200,0.08015836
14300,0.043455444
14400,0.017117457
14500,0.020311426
14600,0.022269854
14700,0.013402639
14800,0.59490895
14900,0.10433409
15000,0.007841396
15100,0.015744481
15200,0.049109634
15300,0.0032055345
15400,0.39306197
15500,0.028460775
15600,0.11560327
15700,0.0108712055
15800,0.011400286
15900,0.94294494
16000,0.024237331
16100,0.14314252
16200,0.0142479
16300,0.017913137
16400,0.023343941
16500,0.08603327
16600,0.069615886
16700,0.024240216
16800,0.008165963
16900,1.2459083
17000,0.027937623
17100,0.0075765345
17200,0.008283885
17300,0.0146110505
17400,0.013852613
17500,0.019998189
17600,0.24058941
17700,0.038510926
17800,0.01597395
17900,0.026577123
18000,1.2414685
18100,0.28605646
18200,0.018561408
18300,0.9125659
18400,0.025687702
18500,0.057894774
18600,0.034497634
18700,0.020432448
18800,0.006742403
18900,0.020772077
19000,0.06871155
19100,0.9165771
19200,0.039845474
19300,0.6448743
19400,0.015859317
19500,0.017528227
19600,2.1408088
19700,1.2324959
19800,0.043877393
19900,0.9081538
20000,0.0040205303
20100,0.021980967
20200,0.020027231
20300,0.015279766
20400,0.017108534
20500,0.010242829
20600,1.8236436
20700,0.023299957
20800,0.010252203
20900,0.026688363
21000,0.021108923
21100,0.023771692
21200,0.017315842
21300,0.017433995
21400,0.008571673
21500,0.018817445
21600,0.008066083
21700,0.118596554
21800,0.017139297
21900,0.013709801
22000,0.008966205
22100,0.005077987
22200,0.0046042986
22300,0.014852663
22400,1.3159391
22500,0.054912467
22600,0.01377661
22700,0.6039061
22800,0.013033655
22900,0.023409978
23000,0.028045408
23100,0.20074221
23200,0.014522675
23300,0.037010945
23400,0.01793131
23500,0.020234743
23600,0.32667625
23700,0.022479279
23800,0.013822025
23900,1.5430871
24000,0.006978779
24100,0.027941093
24200,0.020684019
24300,0.007360905
24400,0.009652453
24500,0.026557097
24600,0.033838056
24700,0.28715846
24800,0.15224956
24900,1.2713726
25000,1.2438447
25100,0.07095132
25200,1.5542091
25300,2.4953501
25400,0.67108786
25500,0.014545777
25600,0.009985102
25700,0.6097977
25800,1.5331717
25900,0.32845095
26000,0.025148597
26100,0.015247626
26200,0.040466145
26300,0.022522602
26400,0.0072482834
26500,0.015916716
26600,0.025631279
26700,0.010329686
26800,0.06327937
26900,0.010694992
27000,1.8498274
27100,0.089416124
27200,0.9301865
27300,0.007309824
27400,0.030992426
27500,0.011649925
27600,0.010428901
27700,1.2395242
27800,0.009869995
27900,1.2132552
28000,0.008090969
28100,0.011186733
28200,0.105655424
28300,1.166687
28400,0.020536926
28500,0.028086636
28600,0.0145191215
28700,0.6082158
28800,0.2793237
28900,0.10930403
29000,0.016206387
29100,0.0142865125
29200,0.09843501
29300,0.007554114
29400,1.1974281
29500,1.5239575
29600,0.017512446
29700,1.0454714
29800,0.06214819
29900,0.016290039
30000,2.450819
30100,0.034279495
30200,0.023619095
30300,0.0088479845
30400,0.6042659
30500,0.015062251
30600,0.018054977
30700,0.27535397
30800,0.59141886
30900,0.011101267
31000,0.013729235
31100,0.0078105764
31200,0.29071236
31300,0.037647653
31400,0.32659313
31500,0.18291897
31600,0.0073102475
31700,0.0070246514
31800,1.0312302
31900,1.2261573
32000,0.6118475
32100,0.012638673
32200,0.007128462
32300,0.0043569715
32400,1.1851194
32500,0.0134649165
32600,0.6481497
32700,0.011815898
32800,0.010704197
32900,0.15378469
33000,0.013343008
33100,1.22084
33200,0.9222565
33300,0.012216877
33400,0.15951842
33500,1.2393692
33600,0.02910853
33700,0.011636743
33800,0.012364563
33900,0.0048313728
34000,0.03933522
34100,0.9380288
34200,0.59990597
34300,0.008157406
34400,0.011878073
34500,0.007044182
34600,0.008135214
34700,0.023748847
34800,0.016398812
34900,0.011533249
35000,1.5438621
35100,0.009075418
35200,0.007789499
35300,0.011914411
35400,0.008095104
35500,0.011048093
35600,2.1316245
35700,0.012118764
35800,0.016335342
35900,0.011056068
36000,0.0113928635
36100,0.025263567
36200,0.1457925
36300,0.05053042
36400,0.31596094
36500,0.005902855
36600,0.008681726
36700,0.12890956
36800,3.3698916
36900,0.025511688
37000,0.16370195
37100,3.6672947
37200,0.009020059
37300,0.0060691475
37400,3.938864
37500,0.014221755
37600,0.0063365204
37700,0.026111662
37800,0.054059144
37900,0.055833563
38000,0.022443447
38100,0.015045275
38200,0.045968182
38300,0.012194354
38400,0.005343469
38500,1.8037593
38600,2.710985
38700,0.007714006
38800,1.2357123
38900,0.023394803
39000,0.01947761
39100,0.61004865
39200,0.025022112
39300,0.008499539
39400,0.0031252154
39500,0.014163135
39600,0.011103709
39700,0.018322121
39800,0.025816517
39900,0.023686562
40000,1.5401355
40100,0.5833162
40200,0.6033564
40300,0.008619006
40400,0.004208237
40500,0.12568662
40600,0.27711678
40700,1.5220156
40800,0.015502013
40900,0.019067783
41000,0.008584706
41100,0.93659604
41200,0.02775706
41300,0.20056751
41400,0.6329951
41500,0.0897885
41600,1.5327368
41700,0.59946555
41800,0.2849287
41900,0.5971171
42000,0.030171331
42100,0.029859018
42200,0.2539683
42300,0.032667868
42400,0.013558164
42500,0.011512432
42600,0.017023835
42700,0.9213572
42800,3.9333906
42900,0.008878786
43000,0.050013714
43100,0.016030181
43200,0.019985523
43300,1.864419
43400,0.58431166
43500,0.9088405
43600,0.031129189
43700,0.011795513
43800,0.01427982
43900,0.007448285
44000,0.15908176
44100,0.025913546
44200,0.021064771
44300,0.17630638
44400,0.004363789
44500,0.015051997
44600,0.02798821
44700,0.01503434
44800,0.20013164
44900,1.4569408
45000,0.031503774
45100,0.011897644
45200,0.036308303
45300,0.012308079
45400,0.12301137
45500,0.0045290873
45600,1.2306378
45700,0.022975547
45800,0.31223708
45900,0.018679474
46000,1.228538
46100,0.014422811
46200,1.1549997
46300,0.5954441
46400,0.040811375
46500,0.6312688
46600,0.037964713
46700,2.1501021
46800,0.04559114
46900,0.027351929
47000,0.27671403
47100,0.008308061
47200,0.21203604
47300,0.018659158
47400,1.5663749
47500,0.010954743
47600,0.016957115
47700,0.012697688
47800,0.013561195
47900,0.21592824
48000,0.008607806
48100,0.0035783458
48200,0.01188029
48300,0.055133954
48400,0.06642549
48500,0.015661532
48600,0.014496364
48700,0.016092058
48800,0.31152564
48900,0.908063
49000,0.0051153866
49100,0.023031801
49200,0.037869476
49300,1.518324
49400,0.29403216
49500,0.010822598
49600,0.0289485
49700,0.029347368
49800,0.017750211
49900,0.63737607
50000,0.024630364
50100,0.004562484
50200,0.006755491
50300,0.004201494
50400,0.29629385
50500,0.011643684
50600,0.5891236
50700,0.051270183
50800,0.5849129
50900,0.018275693
51000,0.01692034
51100,0.6142025
51200,0.12186313
51300,0.9135914
51400,0.03505199
51500,0.019511212
51600,1.2278336
51700,0.02051347
51800,0.071310595
51900,0.014934199
52000,0.030695431
52100,1.2686969
52200,0.90519273
52300,0.19401611
52400,0.01350163
52500,0.023809709
52600,0.0060507767
52700,1.2266479
52800,0.022703864
52900,0.034999248
53000,0.59296
53100,0.0049115997
53200,0.015289355
53300,0.6353564
53400,0.01552424
53500,0.5881005
53600,1.2295783
53700,0.00794001
53800,0.020724881
53900,0.031748664
54000,0.0128489155
54100,0.2586854
54200,0.58587295
54300,0.013302671
54400,0.007605542
54500,0.19418193
54600,0.013726812
54700,0.10011185
54800,0.014884281
54900,0.072676346
55000,0.0035483416
55100,0.90801084
55200,1.8461616
55300,3.3658314
55400,0.0072414493
55500,2.0483613
55600,0.009501778
55700,0.012674074
55800,0.0031925254
55900,0.012928916
56000,0.01716356
56100,1.2327759
56200,0.010763683
56300,0.0059774527
56400,0.04838281
56500,1.7763442
56600,1.516967
56700,1.5258669
56800,0.016332028
56900,0.041870575
57000,0.57786876
57100,12.482982
57200,0.010387238
57300,0.008554554
57400,0.023606913
57500,0.008931374
57600,1.2256664
57700,0.01263471
57800,0.0041649444
57900,0.2643926
58000,0.030221611
58100,1.8290442
58200,2.4531908
58300,0.0931241
58400,1.5455446
58500,0.0056540133
58600,0.011858057
58700,0.017047063
58800,0.074163824
58900,0.0109552825
59000,0.5277003
59100,0.12518577
59200,0.24936077
59300,0.008100069
59400,0.0073152543
59500,1.5318596
59600,0.012925696
59700,0.89494514
59800,0.008437566
59900,0.025019323
60000,0.066849686
60100,0.012557543
60200,0.7580661
60300,0.025164383
60400,1.2266824
60500,1.2240999
60600,1.2361888
60700,2.1307411
60800,0.04498612
60900,0.0185688
61000,0.017906452
61100,0.015764816
61200,0.0118578505
61300,0.018585902
61400,0.007573844
61500,0.011759665
61600,0.005601435
61700,0.07031615
61800,0.008709308
61900,0.2777971
62000,0.010841301
62100,0.01988937
62200,0.006558979
62300,0.009372257
62400,1.187417
62500,0.009843717
62600,0.0815472
62700,0.00929229
62800,0.90238714
62900,1.2453096
63000,0.015923254
63100,1.7725302
63200,0.033214625
63300,0.016595798
63400,0.91871727
63500,0.025585508
63600,0.022970712
63700,0.009944071
63800,1.2192128
63900,0.13706565
64000,0.014087336
64100,0.017081719
64200,1.5660713
64300,0.0065077217
64400,0.03266511
64500,0.013847576
64600,0.027573004
64700,0.015948193
64800,0.010617789
64900,0.005825064
65000,0.5969236
65100,0.025002178
65200,0.005483347
65300,0.0052406
65400,0.042795863
65500,0.042798758
65600,0.017741024
65700,0.018496327
65800,0.007980317
65900,0.010244362
66000,0.18785404
66100,0.018392589
66200,0.25858253
66300,0.040767137
66400,0.6473674
66500,0.03208753
66600,0.017706905
66700,0.09489204
66800,0.0071003097
66900,0.04623735
67000,0.007376479
67100,1.7220496
67200,1.5382437
67300,0.107488
67400,0.91832906
67500,0.043585025
67600,0.022114675
67700,0.91436
67800,0.16338369
67900,1.0686257
68000,1.5360969
68100,0.2163257
68200,0.018173674
68300,0.009878432
68400,0.03420315
68500,0.20659976
68600,0.5716784
68700,0.018193983
68800,0.6076266
68900,0.013609922
69000,0.13523437
69100,0.016320294
69200,0.021556249
69300,0.786402
69400,0.027129142
69500,0.014946594
69600,0.0049919966
69700,0.011873139
69800,0.017062722
69900,0.15120913
70000,0.01573874
70100,0.007293901
70200,1.4049059
70300,0.008796668
70400,0.006453096
70500,0.010481656
70600,1.221895
70700,0.015391596
70800,0.62191457
70900,0.14310282
71000,1.5377756
71100,0.07126043
71200,0.01669339
71300,0.009292052
71400,1.2795366
71500,0.006220677
71600,0.012804609
71700,0.0122819245
71800,0.16624641
71900,1.1701485
72000,0.28659958
72100,0.091894984
72200,0.04928074
72300,0.011165436
72400,0.011166621
72500,1.543137
72600,0.0149298385
72700,0.17401738
72800,0.022849519
72900,0.008557795
73000,0.011304965
73100,0.009848228
73200,0.9430832
73300,0.018205218
73400,0.29542136
73500,0.28578895
73600,0.006529059
73700,0.18758579
73800,0.0026591802
73900,0.017096132
74000,0.048649654
74100,0.037677184
74200,0.037754375
74300,0.013464574
74400,0.33059683
74500,0.48477343
74600,0.0140909795
74700,0.04438616
74800,0.076439455
74900,0.0061732833
75000,0.9184966
75100,0.9173624
75200,0.036326896
75300,2.0723844
75400,0.015637979
75500,0.007897157
75600,1.5363058
75700,0.12763897
75800,0.0133464085
75900,0.02793536
76000,0.008511456
76100,0.024490587
76200,0.30199754
76300,0.17062664
76400,0.009657229
76500,1.2528336
76600,0.008514142
76700,0.02581131
76800,1.2407652
76900,0.0822988
77000,0.015115451
77100,0.017512567
77200,1.2386562
77300,0.007454146
77400,0.013138171
77500,0.01533624
77600,0.072474636
77700,0.011965092
77800,1.6310414
77900,0.3330054
78000,0.005653016
78100,0.31418517
78200,0.011212875
78300,0.026086101
78400,0.005060642
78500,0.9137145
78600,0.02237866
78700,0.01806656
78800,0.0075338366
78900,0.013501432
79000,0.07338295
79100,0.017943688
79200,0.021273997
79300,0.88753533
79400,0.07316044
79500,0.025803123
79600,0.04907012
79700,1.5514803
79800,0.956643
79900,0.006842024
80000,0.02393457
80100,0.015580686
80200,12.478714
80300,0.029415693
80400,0.16765769
80500,0.018541353
80600,0.009417701
80700,1.2040391
80800,0.28946218
80900,0.33040953
81000,0.2633974
81100,0.010243183
81200,0.0034590445
81300,0.015761899
81400,0.005253977
81500,0.0080975145
81600,0.51042366
81700,0.00949068
81800,0.02551018
81900,1.05316
82000,0.90413094
82100,0.024363715
82200,0.016935341
82300,0.013490135
82400,0.023695951
82500,0.005700377
82600,0.1097316
82700,0.0075949403
82800,0.6093823
82900,0.07113115
83000,0.016055025
83100,0.04939479
83200,0.11321573
83300,0.00458902
83400,0.25839323
83500,0.02383064
83600,0.0061201863
83700,0.016491082
83800,0.017435674
83900,0.006837185
84000,0.010502862
84100,0.26804492
84200,0.011774876
84300,0.035325654
84400,0.0093413815
84500,0.018614803
84600,0.007897573
84700,0.622913
84800,0.006860796
84900,0.018447028
85000,0.06997039
85100,0.0065635517
85200,0.020058382
85300,0.074692644
85400,1.8402128
85500,0.014698651
85600,0.16340946
85700,0.24317944
85800,1.5238786
85900,0.01309778
86000,0.011721393
86100,0.01926016
86200,0.014395833
86300,0.015792292
86400,0.01187127
86500,0.017546313
86600,0.60502607
86700,0.012390607
86800,1.078925
86900,2.1122744
87000,0.91356605
87100,0.008048227
87200,0.016085196
87300,0.24560635
87400,0.005581405
87500,1.9085704
87600,0.015569506
87700,0.022705035
87800,1.8524073
87900,0.8637305
88000,0.006407032
88100,0.010240473
88200,0.27654713
88300,0.013816461
88400,0.2639732
88500,0.015159082
88600,0.024255678
88700,1.4878153
88800,0.59369683
88900,0.008730447
89000,0.005327011
89100,0.09144612
89200,0.011371095
89300,0.005151528
89400,0.049208883
89500,0.17550322
89600,0.0101293
89700,0.01830736
89800,0.004963558
89900,0.031083362
90000,0.119568884
90100,0.0055023357
90200,0.007569678
90300,0.8447139
90400,1.5235525
90500,0.018753508
90600,0.020928754
90700,2.81619
90800,0.00998572
90900,0.006408507
91000,0.04736068
91100,0.0092548225
91200,0.10493966
91300,1.2419083
91400,0.7636336
91500,0.14797647
91600,0.017163351
91700,0.011493562
91800,0.30290374
91900,0.28135648
92000,0.0094752945
92100,2.4245193
92200,1.5387359
92300,0.9105784
92400,1.5672876
92500,0.26214004
92600,1.6389855
92700,0.013684801
92800,1.9212092
92900,0.0046573617
93000,0.008914151
93100,1.2288761
93200,0.008626732
93300,0.017231457
93400,0.0096373
93500,0.16998902
93600,0.014445284
93700,0.34634563
93800,0.8230129
93900,0.026606448
94000,0.015761765
94100,0.15108775
94200,0.003980104
94300,0.019315548
94400,0.018653471
94500,0.01568382
94600,0.012408911
94700,0.0219204
94800,0.011142352
94900,0.013655741
95000,0.006593881
95100,0.91349494
95200,0.012149723
95300,0.006369443
95400,0.0035242592
95500,0.00817634
95600,0.026390048
95700,2.2536526
95800,0.046642482
95900,0.009076143
96000,0.009199794
96100,0.0061858455
96200,0.008401452
96300,0.030475825
96400,2.1317406
96500,0.013819421
96600,0.017026048
96700,1.2397344
96800,0.03188306
96900,0.17409636
97000,0.019135717
97100,0.8755056
97200,1.2180253
97300,0.0111139305
97400,0.6066919
97500,0.0118158795
97600,0.030087419
97700,0.016440634
97800,1.5668977
97900,0.54909396
98000,0.019789673
98100,0.022677384
98200,0.009067541
98300,0.011154756
98400,0.013725014
98500,0.0083866045
98600,0.021604814
98700,0.003550639
98800,0.030656796
98900,0.009650781
99000,1.8596928
99100,0.02244352
99200,0.024218768
99300,0.018012337
99400,0.007131357
99500,1.495532
99600,0.01829949
99700,0.03145936
99800,0.008953862
99900,0.06543421
100000,0.0061290218
100100,0.0051597757
100200,0.007613548
100300,0.056617837
100400,0.61338395
100500,0.0056549874
100600,0.0055772397
100700,0.012706367
100800,0.033947825
100900,0.06497122
101000,0.7514042
101100,0.06846453
101200,0.031201962
101300,0.016120775
101400,0.019146819
101500,0.01914221
101600,0.010995349
101700,0.108318865
101800,0.08995428
101900,0.013989508
102000,0.005999257
102100,0.014929958
102200,0.010743274
102300,0.01951504
102400,0.009490857
102500,0.0070333024
102600,1.6752518
102700,0.018451964
102800,0.015756229
102900,0.21414235
103000,0.016752612
103100,0.92945105
103200,0.0034477627
103300,0.0052782577
103400,0.0126863755
103500,0.005850709
103600,0.011695219
103700,0.024206938
103800,0.009123223
103900,0.00747234
104000,0.022309233
104100,0.0061645773
104200,0.07525758
104300,0.021372728
104400,0.5931677
104500,0.16156188
104600,0.009184472
104700,0.012378861
104800,1.7935085
104900,0.008930321
105000,0.015308329
105100,0.009955869
105200,0.015879521
105300,0.008740738
105400,0.0066158236
105500,0.011490467
105600,0.0084173065
105700,0.15841238
105800,0.07084364
105900,0.5968966
106000,0.02491767
106100,0.005111647
106200,0.9083042
106300,0.016357463
106400,0.0865642
106500,0.0067752237
106600,0.016879441
106700,0.9159876
106800,1.8542339
106900,0.039616603
107000,0.0029485102
107100,1.2065444
107200,0.90064883
107300,1.8926249
107400,0.03631889
107500,1.8478868
107600,0.91034776
107700,0.01158954
107800,0.0049434016
107900,0.13330832
108000,0.31502676
108100,1.3419402
108200,0.54633373
108300,0.028156912
108400,0.023943689
108500,0.012813285
108600,1.2313563
108700,0.022492208
108800,0.008940399
108900,0.60126084
109000,0.010271286
109100,0.013706714
109200,0.012775676
109300,0.008411668
109400,0.0071795997
109500,0.014070415
109600,0.9031368
109700,0.021700911
109800,0.013320406
109900,0.009344982
110000,0.01628055
110100,0.0061254743
110200,0.014809372
110300,0.015293379
110400,0.10061145
110500,0.12613305
110600,0.0065030204
110700,0.02358296
110800,0.007150364
110900,0.12313127
111000,0.025716482
111100,0.005150207
111200,0.60458994
111300,0.18860832
111400,0.017642215
111500,0.005885649
111600,0.009537304
111700,0.029281918
111800,12.45175
111900,0.3043887
112000,0.006645014
112100,0.006467262
112200,0.003919925
112300,0.009604634
112400,0.011679903
112500,0.016201902
112600,0.012571589
112700,0.6531922
112800,0.020191563
112900,0.00866382
113000,0.094526194
113100,0.007184602
113200,0.07221185
113300,0.040880054
113400,0.0055935294
113500,0.031556606
113600,0.006547272
113700,1.4791622
113800,0.17820612
113900,0.010797568
114000,0.008625728
114100,1.1164573
114200,0.008270495
114300,0.2699337
114400,0.119639255
114500,1.8489612
114600,0.16852646
114700,0.014042301
114800,0.1454602
114900,0.010518248
115000,0.08123077
115100,0.052735183
115200,0.010875041
115300,1.2052982
115400,0.5545729
115500,0.0127271395
115600,0.01308031
115700,0.31981176
115800,0.005305379
115900,0.022580445
116000,0.008006159
116100,0.09669874
116200,0.01788621
116300,0.03509316
116400,0.014380703
116500,0.02188073
116600,0.010051386
116700,0.030867595
116800,0.01224141
116900,0.019613381
117000,0.18176343
117100,0.11844449
117200,0.04690308
117300,0.011481479
117400,0.007900574
117500,0.014191908
117600,0.0238754
117700,0.03947118
117800,0.027809985
117900,0.007139067
118000,0.0041479287
118100,0.0160582
118200,0.40971822
118300,0.019193579
118400,0.023631217
118500,0.01627026
118600,0.9733872
118700,0.02660967
118800,0.016820762
118900,0.055740904
119000,0.45293927
119100,0.028286252
119200,0.17017072
119300,0.005253882
119400,1.5105611
119500,0.009600794
119600,0.083258726
119700,0.06595382
119800,1.0897962
119900,0.10752905
120000,0.034031693
120100,1.2304685
120200,0.016429618
120300,0.015869513
120400,0.06196796
120500,0.016083285
120600,0.02552377
120700,0.62174046
120800,0.041497484
120900,0.026672427
121000,0.016082553
121100,0.019883452
121200,0.15009627
121300,0.041756622
121400,0.19168028
121500,0.34845772
121600,0.08858384
121700,0.05941742
121800,0.031899568
121900,0.028597675
122000,0.037199542
122100,0.013211621
122200,0.018976673
122300,0.2743853
122400,0.02508879
122500,0.04862612
122600,0.23708215
122700,0.053218137
122800,0.03597372
122900,0.39889604
123000,0.0248096
123100,0.078546576
123200,0.025152735
123300,0.014768073
123400,0.094305456
123500,0.47732258
123600,0.37994748
123700,0.62131083
123800,0.024514675
123900,0.6968364
124000,1.2541503
124100,0.04314107
124200,0.030651197
124300,1.7263942
124400,1.8809973
124500,0.26701963
124600,1.6911688
124700,1.8421069
124800,0.1141519
124900,0.05995644
125000,0.0751026
125100,0.06314866
125200,0.057489034
125300,0.41465136
125400,0.031412102
125500,0.0339602
125600,0.011336991
125700,0.011366121
125800,0.06919209
125900,0.040113404
126000,0.028239243
126100,0.6233878
126200,0.021248626
126300,1.2700838
126400,0.13876554
126500,0.022103637
126600,1.0871209
126700,0.018629363
126800,0.008884247
126900,0.11302627
127000,0.30547544
127100,0.021232553
127200,3.4344735
127300,0.14435071
127400,0.0058591487
127500,1.5187229
127600,0.019896682
127700,0.05901419
127800,0.011295261
127900,0.1731267
128000,0.123850286
128100,0.7895596
128200,0.024913445
128300,0.9381583
128400,0.2312296
128500,0.10782166
128600,0.58498776
128700,0.05200265
128800,0.044899456
128900,0.037218653
129000,0.011182197
129100,0.13338429
129200,0.029516663
129300,0.008562176
129400,0.034372125
129500,0.007750865
129600,0.019886699
129700,0.032616876
129800,0.49568418
129900,0.1629505
130000,0.20831473
130100,0.11145943
130200,0.103509024
130300,0.04704058
130400,0.03707928
130500,0.120006606
130600,0.16818266
130700,0.032383364
130800,0.032048162
130900,0.10466312
131000,0.015814964
131100,0.055958033
131200,0.041924026
131300,1.1236459
131400,0.009105678
131500,0.04102013
131600,0.07497026
131700,0.005125816
131800,0.090202644
131900,0.012968229
132000,0.19692442
132100,0.065998875
132200,0.0065896045
132300,0.3713678
132400,0.9408627
132500,0.031227324
132600,0.13509414
132700,0.0084414845
132800,0.052502874
132900,0.6129597
133000,0.039766178
133100,0.12689358
133200,0.035096847
133300,0.016321478
133400,0.013714299
133500,0.013138665
133600,0.7091157
133700,0.016731165
133800,1.0252066
133900,0.10181543
134000,0.0067836223
134100,0.011024234
134200,0.017360998
134300,0.019930176
134400,0.1399353
134500,0.87817466
134600,0.008648849
134700,0.058820315
134800,0.012222459
134900,0.029938435
135000,0.26722613
135100,0.49009538
135200,0.24403164
135300,0.016095906
135400,0.013157381
135500,1.2191751
135600,0.01845152
135700,0.010121438
135800,0.024637993
135900,0.15216316
136000,0.11865239
136100,1.2482233
136200,0.051777177
136300,12.480887
136400,0.019332327
136500,0.61737037
136600,0.31829455
136700,0.0190108
136800,0.014541879
136900,0.5988153
137000,0.0088091595
137100,1.2822747
137200,0.58613837
137300,0.7176153
137400,0.8557834
137500,0.5584156
137600,0.28804588
137700,0.018507885
137800,1.5905346
137900,0.08207359
138000,0.44261733
138100,2.234586
138200,0.014979484
138300,0.06954255
138400,0.11082711
138500,0.8994953
138600,0.02145272
138700,0.21867087
138800,0.0812833
138900,1.0525557
139000,0.2574172
139100,0.019045254
139200,0.0648509
139300,0.086637765
139400,0.035018172
139500,0.17387106
139600,0.032127373
139700,1.3057657
139800,0.4472438
139900,0.22082575
140000,0.117095314
140100,0.13877745
140200,0.560387
140300,0.07753115
140400,0.023445623
140500,0.9894266
140600,0.17969799
140700,0.15639465
140800,0.40994295
140900,0.1220995
141000,0.012496027
141100,3.431741
141200,0.27227837
141300,0.076834686
141400,0.03266716
141500,1.015626
141600,0.16952154
141700,0.008466965
141800,0.033492588
141900,0.16818123
142000,2.1167738
142100,0.069964096
142200,0.43631092
142300,0.18317296
142400,0.1360288
142500,0.6092875
142600,0.031698324
142700,1.2268924
142800,0.48367232
142900,0.025993075
143000,0.07617839
143100,0.572164
143200,0.05584499
143300,0.0711146
143400,0.0534845
143500,0.21946724
143600,0.024641596
143700,0.7567946
143800,0.17950115
143900,0.027142094
144000,0.3080879
144100,0.42926416
144200,0.45554924
144300,0.35645065
144400,0.23987207
144500,0.0320242
144600,0.94414294
144700,0.02568494
144800,0.11768744
144900,1.0340196
145000,0.063537024
145100,0.015503326
145200,1.5644486
145300,0.36880422
145400,1.8410131
145500,0.011823024
145600,0.0108565735
145700,0.027352296
145800,1.0111458
145900,0.016239958
146000,0.04706332
146100,0.62594426
146200,1.8668061
146300,0.33444476
146400,0.008212413
146500,0.32557052
146600,0.6006192
146700,1.969593
146800,0.018435964
146900,0.030082703
147000,0.01853744
147100,0.022050228
147200,1.2440506
147300,0.9197177
147400,0.03310681
147500,0.020688064
147600,0.059223883
147700,0.116457514
147800,0.10344633
147900,1.2613682
148000,1.5594779
148100,0.078060046
148200,0.029256538
148300,0.025826585
148400,0.54853266
148500,0.2211535
148600,0.021070799
148700,0.19387421
148800,0.40016383
148900,0.18799537
149000,0.034345083
149100,0.027380288
149200,0.02736513
149300,0.025185978
149400,0.068592384
149500,0.32099944
149600,0.03837427
149700,0.13097218
149800,0.033181638
149900,0.115906745
150000,0.19812973
150100,0.017910639
150200,0.029123195
150300,0.40453917
150400,1.8576863
150500,0.638898
150600,0.13865227
150700,0.027808335
150800,0.037531715
150900,0.32806036
151000,0.022497486
151100,0.19742893
151200,0.2802016
151300,0.028752755
151400,0.06773514
151500,0.00999813
151600,0.3332137
151700,0.2026069
151800,0.031907935
151900,0.010854766
152000,0.008721573
152100,0.0487204
152200,0.6051273
152300,1.9113668
152400,0.0351011
152500,0.14401796
152600,0.03590598
152700,1.4558965
152800,0.57713115
152900,0.008198541
153000,1.3006673
153100,0.010031021
153200,0.023011824
153300,0.39631096
153400,1.276608
153500,0.17479958
153600,0.01683811
153700,0.0143861165
153800,0.10321829
153900,0.011357765
154000,0.6139345
154100,0.013919631
154200,0.009632302
154300,0.19459891
154400,0.014287283
154500,0.5916155
154600,0.015284417
154700,0.2925651
154800,2.0204866
154900,0.008226429
155000,0.052441686
155100,0.105171174
155200,0.49961936
155300,0.19006693
155400,0.92198354
155500,0.0381018
155600,0.08975716
155700,0.023553777
155800,0.010762765
155900,0.29664874
156000,0.009208712
156100,1.5741997
156200,0.028102295
156300,0.22044063
156400,0.073093615
156500,0.16648296
156600,0.020300126
156700,0.14683896
156800,0.09906793
156900,0.9434519
157000,0.13998453
157100,0.013592392
157200,0.013068848
157300,0.09498682
157400,0.014293861
157500,0.013606606
157600,0.0075202505
157700,0.03381419
157800,0.106581956
157900,0.12115565
158000,0.024320945
158100,0.024389267
158200,0.03126526
158300,1.2250261
158400,0.027066585
158500,0.26200002
158600,0.5169202
158700,0.18716905
158800,0.0562052
158900,1.481705
159000,1.7166071
159100,0.30620477
159200,0.1594757
159300,1.0952879
159400,0.039936136
159500,0.3873323
159600,1.719066
159700,1.7502168
159800,0.43410704
159900,0.5353233
160000,0.044168867
160100,0.2606941
160200,0.0020329
160300,0.147528
160400,0.04660113
160500,0.10253537
160600,0.120188415
160700,0.008598207
160800,0.97246665
160900,0.08194482
161000,1.5045105
161100,0.46154663
161200,0.5922019
161300,0.19779071
161400,0.7821487
161500,0.08659917
161600,0.09513223
161700,0.0869369
161800,0.24041463
161900,0.08840595
162000,1.2217178
162100,0.06347728
162200,0.28837585
162300,0.101677075
162400,0.05813224
162500,0.046045944
162600,0.0050066337
162700,0.060762994
162800,0.041854456
162900,0.023072036
163000,0.04261964
163100,0.13839687
163200,0.16950151
163300,0.05361722
163400,0.5579712
163500,0.415316
163600,0.17363925
163700,0.7135731
163800,0.18804829
163900,0.012747335
164000,0.066849135
164100,0.80621797
164200,0.48033392
164300,0.046814963
164400,0.8824367
164500,0.19543977
164600,0.13321394
164700,0.57202226
164800,0.9150068
164900,0.17483132
165000,3.0850472
165100,0.007096889
165200,0.051873744
165300,0.42585123
165400,0.5531026
165500,0.16152778
165600,0.6333251
165700,0.018059583
165800,0.095551886
165900,0.3636532
166000,0.016716596
166100,0.79015625
166200,2.4533293
166300,0.54808056
166400,0.0609322
166500,0.91400135
166600,0.88944685
166700,0.5635288
166800,0.01761306
166900,0.0656494
167000,1.8794132
167100,0.009831994
167200,0.27142215
167300,1.2232286
167400,0.22589083
167500,0.029774876
167600,0.008003419
167700,0.43508852
167800,0.23014827
167900,0.039673775
168000,0.6618596
168100,0.07134317
168200,0.77997404
168300,0.94669807
168400,0.38861308
168500,0.96828437
168600,0.10190975
168700,0.39315343
168800,0.14419554
168900,0.025699575
169000,0.29440644
169100,0.6619333
169200,0.32406917
169300,0.10788657
169400,0.007452592
169500,0.35730588
169600,0.2579543
169700,0.026158487
169800,0.59396136
169900,1.5672741
170000,2.109402
170100,0.120706104
170200,0.62244684
170300,0.23782542
170400,0.12661894
170500,0.52877754
170600,0.049416285
170700,0.49563622
170800,1.8541927
170900,0.061030746
171000,0.6195036
171100,0.41337782
171200,0.035954513
171300,0.1851147
171400,0.011682628
171500,0.9138819
171600,0.38976043
171700,0.027973834
171800,0.025052339
171900,0.041735813
172000,0.40696084
172100,0.12055587
172200,1.699761
172300,0.31585065
172400,0.020944715
172500,0.15421078
172600,0.033594064
172700,0.022726862
172800,0.30379024
172900,0.31078297
173000,0.0116579
173100,0.620641
173200,0.2640366
173300,1.5448157
173400,0.041852735
173500,0.014945924
173600,0.3296879
173700,1.5174327
173800,0.022822216
173900,0.5902819
174000,0.52755535
174100,0.010420891
174200,0.825947
174300,0.05585289
174400,0.052673224
174500,0.13406193
174600,0.05582175
174700,1.8902717
174800,0.49077448
174900,0.1801455
175000,0.27401197
175100,2.240047
175200,1.5496722
175300,0.27352092
175400,0.043372013
175500,1.9390688
175600,0.31486195
175700,0.22251599
175800,0.088275544
175900,1.9100924
176000,0.15655157
176100,0.19727047
176200,0.26343617
176300,2.4456155
176400,0.12671922
176500,0.860211
176600,2.044847
176700,0.046793476
176800,0.032550406
176900,0.3714867
177000,0.06910626
177100,0.6420644
177200,0.2842472
177300,0.31125072
177400,0.847466
177500,0.56694686
177600,0.42529517
177700,0.36883357
177800,0.04916557
177900,1.5283172
178000,0.34189212
178100,0.3095217
178200,0.18748507
178300,0.4318206
178400,0.5478102
178500,0.11691252
178600,0.024292855
178700,0.21551496
178800,0.035512745
178900,0.06658663
179000,0.066176325
179100,0.19639249
179200,0.15922508
179300,1.2218258
179400,0.19966474
179500,1.5374866
179600,0.6393601
179700,0.5296829
179800,0.67156357
179900,0.09187455
180000,0.2280047
180100,0.2596319
180200,0.59732044
180300,0.060646053
180400,0.30518427
180500,0.5161328
180600,0.111059226
180700,0.025269846
180800,0.13985297
180900,0.6134649
181000,0.34392536
181100,1.9249173
181200,0.32430577
181300,0.29419792
181400,0.51019156
181500,0.010036821
181600,0.17206262
181700,0.40670723
181800,0.1914282
181900,0.28739214
182000,0.5816497
182100,0.23629862
182200,0.31088123
182300,0.02094787
182400,2.4718056
182500,1.3652793
182600,0.033867147
182700,0.045976806
182800,0.06792277
182900,0.1167239
183000,0.17683406
183100,1.6129546
183200,0.09665891
183300,0.7439183
183400,0.4593958
183500,0.028903177
183600,0.3850145
183700,0.27026427
183800,0.13378039
183900,0.022630867
184000,0.06876389
184100,0.9878246
184200,0.10733764
184300,0.020054007
184400,1.0560484
184500,0.0240273
184600,0.18401544
184700,0.2062242
184800,0.7759441
184900,0.43729958
185000,0.29291192
185100,0.19243294
185200,0.20569886
185300,0.59255475
185400,0.08319987
185500,0.62114835
185600,0.038546454
185700,0.044286724
185800,0.7658484
185900,0.021362126
186000,0.7078026
186100,0.051708378
186200,0.08540141
186300,0.7068025
186400,0.53507435
186500,0.7609227
186600,1.9058633
186700,0.020203922
186800,0.026207741
186900,0.033074707
187000,0.284908
187100,0.3373344
187200,0.44552058
187300,0.049904805
187400,0.056008246
187500,0.2615489
187600,0.09048706
187700,0.049629092
187800,0.039557077
187900,0.6642716
188000,0.42999175
188100,0.06949945
188200,0.9758644
188300,0.14666414
188400,0.6684785
188500,0.065813534
188600,0.18265817
188700,0.025910765
188800,1.8440428
188900,0.62380135
189000,0.32933766
189100,0.011367476
189200,0.38235277
189300,0.53326714
189400,0.021071825
189500,0.41814947
189600,1.9528621
189700,0.24178623
189800,0.01679646
189900,0.047772683
190000,0.05382145
190100,0.024305614
190200,0.017211312
190300,0.13480936
190400,0.5868732
190500,1.8641635
190600,0.23806813
190700,0.21770117
190800,0.16717124
190900,1.1516659
191000,0.12579791
191100,0.23069417
191200,0.16495416
191300,0.047596984
191400,0.073104694
191500,0.010724107
191600,1.5994763
191700,0.11381201
191800,0.4420014
191900,0.20712392
192000,0.16013803
192100,0.74560755
192200,0.52079463
192300,0.14303154
192400,1.3471789
192500,0.91169053
192600,0.042472266
192700,0.4246514
192800,0.09892921
192900,0.030057747
193000,0.053094387
193100,0.030515106
193200,0.16287068
193300,0.16698377
193400,0.10118093
193500,1.7958865
193600,0.6087654
193700,0.049996994
193800,0.4818071
193900,0.038701274
194000,0.13230927
194100,0.4737182
194200,0.049732424
194300,0.30523944
194400,1.4872012
194500,0.44548962
194600,0.0577139
194700,0.48139167
194800,0.19395515
194900,0.03770025
195000,0.20414825
195100,0.08665273
195200,0.02401875
195300,0.035314664
195400,0.08988496
195500,1.1534199
195600,0.04413794
195700,12.57588
195800,0.48559782
195900,0.19180135
196000,0.50933975
196100,0.06595839
196200,0.12567891
196300,0.012507843
196400,0.2283169
196500,0.5548282
196600,0.07779646
196700,1.150631
196800,0.005731947
196900,0.042508382
197000,1.3727707
197100,0.9288296
197200,0.090225905
197300,0.061857134
197400,0.27904564
197500,1.4249101
197600,1.150552
197700,0.061929673
197800,1.0234854
197900,0.18583344
198000,0.039898712
198100,0.23274268
198200,0.027647842
198300,0.05299528
198400,0.012341667
198500,1.6003519
198600,0.11655195
198700,0.2836794
198800,0.21055306
198900,0.06745783
199000,0.020578373
199100,0.18882301
199200,0.17493963
199300,0.25946006
199400,1.8099535
199500,0.25861144
199600,0.29630175
199700,0.008215264
199800,0.667889
199900,0.9077867
200000,0.045775227
200100,0.35571545
200200,0.08607649
200300,1.6449991
200400,0.3626863
200500,0.04090611
200600,0.944918
200700,0.017754233
200800,0.14342871
200900,0.1557973
201000,0.6768826
201100,0.034979496
201200,0.29397315
201300,0.19553882
201400,0.12187205
201500,0.07908606
201600,0.93489516
201700,0.016113907
201800,0.11922415
201900,0.0102347955
202000,0.23318657
202100,0.525019
202200,0.16888295
202300,2.3331919
202400,0.26694942
202500,0.15905374
202600,0.12642047
202700,0.6420326
202800,0.9027455
202900,0.024136713
203000,0.27823958
203100,0.05933532
203200,0.19263442
203300,0.4771505
203400,1.5918596
203500,0.19621669
203600,0.3362107
203700,13.809117
203800,0.0610957
203900,0.39470324
204000,0.34104687
204100,0.13997293
204200,0.5827554
204300,0.01182238
204400,0.03602266
204500,0.12859616
204600,0.46862537
204700,0.014821765
204800,0.0034388115
204900,0.019541256
205000,0.32979548
205100,0.022251235
205200,0.032551974
205300,0.12580805
205400,0.43188867
205500,0.059013482
205600,0.2775792
205700,0.3185027
205800,0.39905706
205900,0.16084632
206000,1.8253033
206100,0.15182288
206200,0.44896027
206300,0.34488666
206400,0.15337801
206500,0.04025978
206600,0.15764515
206700,0.03319473
206800,0.10690527
206900,0.010300769
207000,0.021284385
207100,0.2265404
207200,0.7958377
207300,0.2005584
207400,0.15200454
207500,0.069897436
207600,0.49643576
207700,0.045485053
207800,0.32711825
207900,1.0706832
208000,0.13017713
208100,0.105344
208200,0.010146909
208300,2.1022396
208400,2.004461
208500,0.6422757
208600,1.8941566
208700,0.62723964
208800,0.32560426
208900,3.3914673
209000,0.25776687
209100,0.2080815
209200,0.1576909
209300,1.8037901
209400,0.09289268
209500,0.5153474
209600,0.32917586
209700,0.0805406
209800,0.6488817
209900,0.089090005
210000,1.364292
210100,0.10573569
210200,0.1612883
210300,0.35474816
210400,0.23205464
210500,0.2964388
210600,0.3567972
210700,0.25563398
210800,0.20683216
210900,0.51742506
211000,1.0239558
211100,0.013344115
211200,0.059637107
211300,0.02355919
211400,0.026203066
211500,0.10083863
211600,0.452084
211700,0.014663974
211800,0.23782265
211900,0.022358842
212000,0.6175779
212100,0.41268742
212200,0.5809657
212300,0.039440442
212400,0.015532683
212500,1.5648214
212600,0.07899498
212700,0.7481145
212800,0.38628903
212900,2.0252705
213000,0.14473462
213100,0.12389538
213200,0.48469606
213300,0.21795009
213400,0.4044322
213500,0.06771207
213600,2.1198597
213700,0.07896614
213800,0.023020342
213900,0.009973768
214000,0.2137439
214100,0.02692122
214200,0.4015862
214300,0.95419914
214400,2.7852054
214500,0.5388491
214600,1.0292106
214700,0.23597799
214800,0.7369634
214900,0.20579165
215000,0.11396842
215100,0.013472011
215200,0.22317305
215300,1.2755737
215400,0.035018
215500,0.082780816
215600,0.26572156
215700,0.09121721
215800,0.70609295
215900,0.23320626
216000,0.026384111
216100,0.025208086
216200,0.28654924
216300,0.4877138
216400,0.20593223
216500,0.47300878
216600,2.9754283
216700,0.02439465
216800,0.009670676
216900,0.098372474
217000,0.07277991
217100,0.27774245
217200,0.3285094
217300,0.7310698
217400,0.029263528
217500,0.1899932
217600,0.014786844
217700,0.019601088
217800,0.10354434
217900,0.1112687
218000,0.072903335
218100,1.0616127
218200,0.39824414
218300,0.008521355
218400,0.01614253
218500,0.060375337
218600,0.01011135
218700,1.0728413
218800,0.1806127
218900,0.14628455
219000,0.069656104
219100,2.2821488
219200,0.04323482
219300,1.3323883
219400,1.6606405
219500,0.061442833
219600,0.021069426
219700,0.007198668
219800,0.120072156
219900,0.041859746
220000,0.16787559
220100,0.029660929
220200,2.2040951
220300,0.3168074
220400,0.2305213
220500,0.6111211
220600,0.053872913
220700,0.08020668
220800,0.1171968
220900,0.7614842
221000,0.3277615
221100,0.32876068
221200,0.054587975
221300,0.010498386
221400,0.40242833
221500,0.32573533
221600,0.1612376
221700,0.30351558
221800,1.57239
221900,0.34141478
222000,0.026003644
222100,0.04899926
222200,0.40741587
222300,0.011221795
222400,0.21091698
222500,0.07407043
222600,0.18292977
222700,0.09355138
222800,0.4127372
222900,1.3796333
223000,0.48165116
223100,0.25734764
223200,0.38670808
223300,0.062801704
223400,0.47407424
223500,0.1719026
223600,0.14258978
223700,0.2323513
223800,1.4274936
223900,0.009530041
224000,0.0597321
224100,0.079743326
224200,0.026033122
224300,0.05637172
224400,0.87042475
224500,0.095221095
224600,0.20599532
224700,0.17693979
224800,0.36709243
224900,0.034225203
225000,0.44429588
225100,0.9498641
225200,1.1401707
225300,0.7156717
225400,1.752048
225500,0.23383586
225600,0.050745312
225700,0.041258592
225800,0.24666886
225900,0.026858294
226000,1.9696393
226100,0.5368289
226200,0.012348467
226300,0.2829882
226400,0.31396464
226500,2.1872392
226600,0.053117365
226700,0.03227423
226800,0.07584283
226900,0.12457047
227000,0.17178965
227100,0.1804463
227200,0.10646941
227300,0.28973728
227400,0.05016378
227500,0.15763012
227600,0.292288
227700,0.0039875153
227800,0.06234718
227900,0.016123569
228000,0.061174437
228100,1.654991
228200,1.2336874
228300,0.19983117
228400,0.28569758
228500,0.05316832
228600,0.026118642
228700,0.6536753
228800,0.30010659
228900,0.2146849
229000,1.8676527
229100,0.6802643
229200,0.7094061
229300,0.050836958
229400,0.35771808
229500,0.5931877
229600,0.048659667
229700,0.38637194
229800,0.6683961
229900,0.16950212
230000,0.5913952
230100,0.012270616
230200,0.7858415
230300,0.14315027
230400,0.58624744
230500,0.006739168
230600,0.045614436
230700,1.2543049
230800,0.9239349
230900,0.5833702
231000,0.032921914
231100,0.33082733
231200,0.46748847
231300,0.53589386
231400,0.20085351
231500,0.06953725
231600,0.023634614
231700,1.5739802
231800,0.40488267
231900,0.08673304
232000,0.33207884
232100,1.6809418
232200,0.44667402
232300,0.060285084
232400,1.8606155
232500,1.9518667
232600,0.05595154
232700,0.093875796
232800,0.19142315
232900,0.6486422
233000,0.8584394
233100,0.37661028
233200,0.25350285
233300,1.0750288
233400,0.6350372
233500,0.12065821
233600,0.12505175
233700,0.046546575
233800,0.14287668
233900,0.22103393
234000,0.47741807
234100,0.01599076
234200,0.5189451
234300,0.35559687
234400,0.57430947
234500,0.22458284
234600,1.8344247
234700,0.38134935
234800,0.6615788
234900,0.24408454
235000,2.0327353
235100,1.1610628
235200,0.11285834
235300,0.044007614
235400,0.080454506
235500,0.027384851
235600,0.23715065
235700,1.8200963
235800,0.66516495
235900,0.53584486
236000,0.007711258
236100,0.29894784
236200,2.0693798
236300,0.98973083
236400,0.016206179
236500,0.052803624
236600,0.33378375
236700,0.32770616
236800,0.44007164
236900,0.049015485
237000,0.12737796
237100,0.06005392
237200,0.097508945
237300,0.24583107
237400,0.38765228
237500,0.5506492
237600,0.15941574
237700,1.8923193
237800,0.18561631
237900,0.046920262
238000,0.09055993
238100,0.79675734
238200,0.043920383
238300,0.34694386
238400,0.5579027
238500,0.21389276
238600,0.13015282
238700,0.09733043
238800,0.0069117732
238900,0.39895487
239000,0.08638784
239100,0.062224194
239200,0.6756735
239300,0.1204607
239400,0.26715022
239500,0.29747793
239600,0.1382134
239700,0.25148812
239800,0.36249197
239900,0.019978482
240000,0.017343927
240100,0.41358286
240200,0.12694867
240300,0.2026867
240400,0.022052245
240500,0.48661047
240600,0.16717583
240700,0.016407639
240800,0.24682456
240900,0.6023146
241000,0.13300015
241100,0.015205912
241200,0.42226645
241300,0.31749645
241400,0.048732325
241500,0.7388549
241600,1.7145486
241700,0.124305114
241800,0.34562695
241900,0.04284263
242000,1.2338768
242100,0.012927901
242200,1.3706267
242300,2.9252195
242400,0.71816945
242500,0.21935138
242600,0.09331456
242700,0.4924069
242800,0.054641016
242900,0.5060698
243000,1.0578494
243100,0.48993286
243200,0.028944675
243300,0.30487067
243400,0.35309047
243500,0.4169349
243600,0.36279786
243700,0.98046345
243800,0.18310696
243900,0.14681655
244000,0.044601884
244100,0.8372694
244200,0.37273556
244300,0.15385838
244400,0.9970095
244500,0.015149361
244600,0.87243485
244700,0.15721755
244800,1.2448797
244900,0.2368679
245000,0.082849175
245100,0.13172297
245200,1.1240675
245300,0.012174165
245400,0.23621881
245500,0.21181968
245600,0.03126882
245700,0.07747779
245800,0.21971372
245900,0.030134305
246000,0.7396635
246100,0.17703824
246200,0.12632486
246300,0.18748723
246400,1.1114033
246500,0.0059532933
246600,0.26289505
246700,0.13550329
246800,0.2992012
246900,1.0403107
247000,0.013421012
247100,0.28188828
247200,0.21936533
247300,0.17485501
247400,0.21327636
247500,0.016873438
247600,0.065720744
247700,0.025642663
247800,0.20901194
247900,0.37542865
248000,0.76426315
248100,0.57953686
248200,0.471948
248300,0.100175746
248400,0.044151094
248500,0.4178186
248600,0.04306721
248700,0.082546145
248800,0.024729457
248900,0.7686176
249000,0.05391939
249100,0.29262984
249200,0.49202007
249300,0.9501899
249400,0.081991576
249500,1.1528882
249600,0.26690245
249700,0.13378608
249800,0.6756328
249900,0.33787593
250000,0.23650452
250100,1.6139021
250200,0.020890461
250300,1.4008198
250400,0.15633768
250500,1.6074712
250600,0.035942804
250700,0.17759344
250800,0.13738288
250900,0.2903967
251000,0.25234565
251100,1.9381341
251200,1.2536949
251300,0.70541286
251400,0.89763075
251500,0.07826104
251600,0.8527742
251700,0.03811042
251800,0.1124687
251900,0.26900524
252000,0.3415148
252100,0.23138812
252200,2.191674
252300,0.2570365
252400,0.20960452
252500,0.09225145
252600,0.37629727
252700,0.159313
252800,1.7806556
252900,0.033905122
253000,0.14122522
253100,0.35945496
253200,0.028646175
253300,0.7046057
253400,2.5611043
253500,0.118062176
253600,1.5642396
253700,0.19358608
253800,0.11907647
253900,0.3479955
254000,0.15245476
254100,0.5740808
254200,0.06779505
254300,0.020255145
254400,0.46584007
254500,0.024828754
254600,0.7836649
254700,0.095810495
254800,1.1202945
254900,13.196159
255000,0.030576054
255100,0.018491156
255200,0.76610464
255300,0.60029984
255400,0.20107035
255500,0.2788847
255600,0.17912367
255700,0.18845169
255800,0.017251328
255900,0.3367719
256000,0.6084674
256100,0.45134276
256200,0.01871317
256300,0.1913467
256400,0.20542352
256500,0.017830057
256600,0.22423415
256700,0.11974546
256800,0.46268317
256900,0.1674434
257000,0.048706055
257100,0.4851399
257200,0.17613375
257300,0.7246544
257400,0.022430602
257500,0.10719449
257600,0.07613307
257700,0.044828046
257800,0.026208201
257900,0.059112705
258000,0.022097994
258100,0.16865416
258200,1.0963495
258300,0.93041843
258400,0.1402276
258500,0.14946479
258600,0.088904
258700,0.18589173
258800,0.06676576
258900,0.15010795
259000,0.015392655
259100,0.051721975
259200,0.7423405
259300,0.10493404
259400,0.7897708
259500,0.7612392
259600,0.053104095
259700,0.15680063
259800,0.71152365
259900,0.28091562
260000,0.69074345
260100,0.21503122
260200,0.33529708
260300,0.19805183
260400,0.012293365
260500,0.15201853
260600,0.04423038
260700,0.4418661
260800,0.20655638
260900,1.0234323
261000,0.34137678
261100,0.120314896
261200,0.082962945
261300,0.7226801
261400,0.10418288
261500,0.7634897
261600,0.14114805
261700,0.1335346
261800,0.057306133
261900,0.024574675
262000,0.36464462
262100,0.94475126
262200,0.14481732
262300,0.781245
262400,0.6506469
262500,0.34539455
262600,0.13234827
